{
  "detailed_analysis": {
    "quick_wins_keywords": 272,
    "quick_wins_traffic_gain": 9776.0,
    "new_keywords_traffic_gain": 14921.025000000001,
    "featured_snippet_traffic_gain": 13650.4,
    "long_tail_traffic_gain": 38478.00000000001,
    "total_traffic_opportunity": 76825.42500000002,
    "actual_site_conversion_rate": 0.0111,
    "seo_conversion_rate": 0.008325,
    "monthly_revenue_opportunity": 274259.4970531947,
    "annual_revenue_potential": 3291113.964638336
  }
}