{
  "avg_order_value": 92587.75153846154,
  "avg_conversion_rate": 402.61538461538464,
  "avg_bounce_rate": 0.7707604497291514,
  "total_revenue": 10345.0,
  "avg_monthly_revenue": 862.0833333333334
}