{
  "scenarios": {
    "Conservative": {
      "description": "Slower adoption, 50% of identified opportunities realized",
      "month_1_3_impact": 0.15,
      "month_4_6_impact": 0.2,
      "month_7_12_impact": 0.25,
      "ramp_curve": "gradual"
    },
    "Expected": {
      "description": "On-track execution, 70% of opportunities realized",
      "month_1_3_impact": 0.25,
      "month_4_6_impact": 0.35,
      "month_7_12_impact": 0.5,
      "ramp_curve": "moderate"
    },
    "Aggressive": {
      "description": "Excellent execution, 90%+ of opportunities realized",
      "month_1_3_impact": 0.35,
      "month_4_6_impact": 0.55,
      "month_7_12_impact": 0.8,
      "ramp_curve": "aggressive"
    }
  },
  "payback_analysis": {
    "Conservative": {
      "payback_month": null,
      "payback_days": null
    },
    "Expected": {
      "payback_month": null,
      "payback_days": null
    },
    "Aggressive": {
      "payback_month": null,
      "payback_days": null
    }
  },
  "baseline_monthly_revenue": 862.0833333333334,
  "monthly_investment": 2900,
  "projections": {
    "Conservative": {
      "month": {
        "0": 1,
        "1": 2,
        "2": 3,
        "3": 4,
        "4": 5,
        "5": 6,
        "6": 7,
        "7": 8,
        "8": 9,
        "9": 10,
        "10": 11,
        "11": 12
      },
      "baseline": {
        "0": 862.0833333333334,
        "1": 862.0833333333334,
        "2": 862.0833333333334,
        "3": 862.0833333333334,
        "4": 862.0833333333334,
        "5": 862.0833333333334,
        "6": 862.0833333333334,
        "7": 862.0833333333334,
        "8": 862.0833333333334,
        "9": 862.0833333333334,
        "10": 862.0833333333334,
        "11": 862.0833333333334
      },
      "incremental": {
        "0": 129.3125,
        "1": 129.3125,
        "2": 129.3125,
        "3": 172.41666666666669,
        "4": 172.41666666666669,
        "5": 172.41666666666669,
        "6": 215.52083333333334,
        "7": 215.52083333333334,
        "8": 215.52083333333334,
        "9": 215.52083333333334,
        "10": 215.52083333333334,
        "11": 215.52083333333334
      },
      "total_revenue": {
        "0": 991.3958333333334,
        "1": 991.3958333333334,
        "2": 991.3958333333334,
        "3": 1034.5,
        "4": 1034.5,
        "5": 1034.5,
        "6": 1077.6041666666667,
        "7": 1077.6041666666667,
        "8": 1077.6041666666667,
        "9": 1077.6041666666667,
        "10": 1077.6041666666667,
        "11": 1077.6041666666667
      },
      "investment": {
        "0": 2900,
        "1": 2900,
        "2": 2900,
        "3": 2900,
        "4": 2900,
        "5": 2900,
        "6": 2900,
        "7": 2900,
        "8": 2900,
        "9": 2900,
        "10": 2900,
        "11": 2900
      },
      "net_benefit": {
        "0": -2770.6875,
        "1": -2770.6875,
        "2": -2770.6875,
        "3": -2727.5833333333335,
        "4": -2727.5833333333335,
        "5": -2727.5833333333335,
        "6": -2684.4791666666665,
        "7": -2684.4791666666665,
        "8": -2684.4791666666665,
        "9": -2684.4791666666665,
        "10": -2684.4791666666665,
        "11": -2684.4791666666665
      },
      "cumulative_benefit": {
        "0": -2770.6875,
        "1": -5541.375,
        "2": -8312.0625,
        "3": -11039.645833333334,
        "4": -13767.229166666668,
        "5": -16494.8125,
        "6": -19179.291666666668,
        "7": -21863.770833333336,
        "8": -24548.250000000004,
        "9": -27232.72916666667,
        "10": -29917.20833333334,
        "11": -32601.687500000007
      }
    },
    "Expected": {
      "month": {
        "0": 1,
        "1": 2,
        "2": 3,
        "3": 4,
        "4": 5,
        "5": 6,
        "6": 7,
        "7": 8,
        "8": 9,
        "9": 10,
        "10": 11,
        "11": 12
      },
      "baseline": {
        "0": 862.0833333333334,
        "1": 862.0833333333334,
        "2": 862.0833333333334,
        "3": 862.0833333333334,
        "4": 862.0833333333334,
        "5": 862.0833333333334,
        "6": 862.0833333333334,
        "7": 862.0833333333334,
        "8": 862.0833333333334,
        "9": 862.0833333333334,
        "10": 862.0833333333334,
        "11": 862.0833333333334
      },
      "incremental": {
        "0": 215.52083333333334,
        "1": 215.52083333333334,
        "2": 215.52083333333334,
        "3": 301.7291666666667,
        "4": 301.7291666666667,
        "5": 301.7291666666667,
        "6": 431.0416666666667,
        "7": 431.0416666666667,
        "8": 431.0416666666667,
        "9": 431.0416666666667,
        "10": 431.0416666666667,
        "11": 431.0416666666667
      },
      "total_revenue": {
        "0": 1077.6041666666667,
        "1": 1077.6041666666667,
        "2": 1077.6041666666667,
        "3": 1163.8125,
        "4": 1163.8125,
        "5": 1163.8125,
        "6": 1293.125,
        "7": 1293.125,
        "8": 1293.125,
        "9": 1293.125,
        "10": 1293.125,
        "11": 1293.125
      },
      "investment": {
        "0": 2900,
        "1": 2900,
        "2": 2900,
        "3": 2900,
        "4": 2900,
        "5": 2900,
        "6": 2900,
        "7": 2900,
        "8": 2900,
        "9": 2900,
        "10": 2900,
        "11": 2900
      },
      "net_benefit": {
        "0": -2684.4791666666665,
        "1": -2684.4791666666665,
        "2": -2684.4791666666665,
        "3": -2598.2708333333335,
        "4": -2598.2708333333335,
        "5": -2598.2708333333335,
        "6": -2468.9583333333335,
        "7": -2468.9583333333335,
        "8": -2468.9583333333335,
        "9": -2468.9583333333335,
        "10": -2468.9583333333335,
        "11": -2468.9583333333335
      },
      "cumulative_benefit": {
        "0": -2684.4791666666665,
        "1": -5368.958333333333,
        "2": -8053.4375,
        "3": -10651.708333333334,
        "4": -13249.979166666668,
        "5": -15848.250000000002,
        "6": -18317.208333333336,
        "7": -20786.166666666668,
        "8": -23255.125,
        "9": -25724.083333333332,
        "10": -28193.041666666664,
        "11": -30661.999999999996
      }
    },
    "Aggressive": {
      "month": {
        "0": 1,
        "1": 2,
        "2": 3,
        "3": 4,
        "4": 5,
        "5": 6,
        "6": 7,
        "7": 8,
        "8": 9,
        "9": 10,
        "10": 11,
        "11": 12
      },
      "baseline": {
        "0": 862.0833333333334,
        "1": 862.0833333333334,
        "2": 862.0833333333334,
        "3": 862.0833333333334,
        "4": 862.0833333333334,
        "5": 862.0833333333334,
        "6": 862.0833333333334,
        "7": 862.0833333333334,
        "8": 862.0833333333334,
        "9": 862.0833333333334,
        "10": 862.0833333333334,
        "11": 862.0833333333334
      },
      "incremental": {
        "0": 301.7291666666667,
        "1": 301.7291666666667,
        "2": 301.7291666666667,
        "3": 474.14583333333337,
        "4": 474.14583333333337,
        "5": 474.14583333333337,
        "6": 689.6666666666667,
        "7": 689.6666666666667,
        "8": 689.6666666666667,
        "9": 689.6666666666667,
        "10": 689.6666666666667,
        "11": 689.6666666666667
      },
      "total_revenue": {
        "0": 1163.8125,
        "1": 1163.8125,
        "2": 1163.8125,
        "3": 1336.2291666666667,
        "4": 1336.2291666666667,
        "5": 1336.2291666666667,
        "6": 1551.75,
        "7": 1551.75,
        "8": 1551.75,
        "9": 1551.75,
        "10": 1551.75,
        "11": 1551.75
      },
      "investment": {
        "0": 2900,
        "1": 2900,
        "2": 2900,
        "3": 2900,
        "4": 2900,
        "5": 2900,
        "6": 2900,
        "7": 2900,
        "8": 2900,
        "9": 2900,
        "10": 2900,
        "11": 2900
      },
      "net_benefit": {
        "0": -2598.2708333333335,
        "1": -2598.2708333333335,
        "2": -2598.2708333333335,